,Value,Version
count,18881.0,18881.0
mean,36.676372014194165,1.1096869869180659
std,73.7468995637018,1.0870929554343063
min,0.0,1.0
25%,0.0,1.0
50%,0.0,1.0
75%,50.0,1.0
max,1000.0,27.0
