,ContractedFCR,ShareOfFcrReserves
count,61373.0,0.0
mean,533.4670294755023,
std,47.72105410597161,
min,0.0,
25%,489.0,
50%,516.0,
75%,573.0,
max,605.0,
